{
  "PJ_LEFT": [12.941307, 77.565611],
  "PJ_RIGHT": [12.940438, 77.565422],
  "PJ_FRONT": [12.940780, 77.565778],
  "PJ_BACK": [12.940894, 77.565167],
  "MESS_ENTRY": [12.940505, 77.565087],
  "SCIENCE_BLOCK": [12.940820, 77.565049],
  "VIDYAARTHI_KHAANA": [12.940387, 77.565694],
  "CAMPUS_BOOK_MART": [12.940660, 77.565769],
  "SPORTS_BLOCK_BACK": [12.940830, 77.565820],
  "ROAD_1": [12.940320, 77.566107],
  "SPORTS_BLOCK_FRONT": [12.940722, 77.566208],
  "ROAD_1_CONTINUE": [12.940677, 77.566407],
  "EXIT": [12.940936, 77.566463],
  "GROUND_ENTRY_1": [12.940972, 77.565829],
  "GROUND_ENTRY_2": [12.940775, 77.566439],
  "GROUND_ENTRY_3": [12.941271, 77.566165],
  "ROAD_2": [12.941147, 77.565210],
  "ROAD_2_INTERSECTION_1": [12.941402, 77.565263],
  "ROAD_2_CONTINUE_1": [12.941764, 77.565302],
  "PG_BLOCK_ENTRY_2": [12.941755, 77.565394],
  "ROAD_2_TURN": [12.941942, 77.565388],
  "ROAD_2_CONTINUE_2": [12.941926, 77.565590],
  "MECH_BLOCK_ENTRY": [12.941961, 77.565733],
  "ROAD_2_CONTINUE_3": [12.941849, 77.566029],
  "PG_BLOCK_ENTRY_1": [12.941750, 77.565965],
  "ROAD_2_INTERSECTION_2": [12.941819, 77.566280],
  "BRANCH_1": [12.941603, 77.566241],
  "PG_BLOCK_ENTRY_3": [12.941531, 77.565757],
  "CANTEEN": [12.941488, 77.566284],
  "ROAD_2_END": [12.941761, 77.566606],
  "ADMISSION_BLOCK_ENTRY_2": [12.941688, 77.566349],
  "ADMISSION_BLOCK_ENTRY_1": [12.941593, 77.566522],
  "ROAD_3_START": [12.941462, 77.566564],
  "ROAD_3_END": [12.941181, 77.566512],
  "ROAD_2_INTERSECTION_3": [12.94123463478213, 77.56584200281199],
  "MESS_ROAD": [12.940266748076606, 77.56503280245575],
  "MESS_BLOCK": [12.94001805436132, 77.5649960206222]  
}